-- MySQL dump 10.13  Distrib 8.0.13, for Win64 (x86_64)
--
-- Host: petersmysql.cgonxecdluoj.eu-west-1.rds.amazonaws.com    Database: library
-- ------------------------------------------------------
-- Server version	5.6.40

/*!40101 SET @OLD_CHARACTER_SET_CLIENT=@@CHARACTER_SET_CLIENT */;
/*!40101 SET @OLD_CHARACTER_SET_RESULTS=@@CHARACTER_SET_RESULTS */;
/*!40101 SET @OLD_COLLATION_CONNECTION=@@COLLATION_CONNECTION */;
 SET NAMES utf8 ;
/*!40103 SET @OLD_TIME_ZONE=@@TIME_ZONE */;
/*!40103 SET TIME_ZONE='+00:00' */;
/*!40014 SET @OLD_UNIQUE_CHECKS=@@UNIQUE_CHECKS, UNIQUE_CHECKS=0 */;
/*!40014 SET @OLD_FOREIGN_KEY_CHECKS=@@FOREIGN_KEY_CHECKS, FOREIGN_KEY_CHECKS=0 */;
/*!40101 SET @OLD_SQL_MODE=@@SQL_MODE, SQL_MODE='NO_AUTO_VALUE_ON_ZERO' */;
/*!40111 SET @OLD_SQL_NOTES=@@SQL_NOTES, SQL_NOTES=0 */;

--
-- Table structure for table `Authors`
--

DROP TABLE IF EXISTS `Authors`;
/*!40101 SET @saved_cs_client     = @@character_set_client */;
 SET character_set_client = utf8mb4 ;
CREATE TABLE `Authors` (
  `Id` int(11) NOT NULL AUTO_INCREMENT,
  `FirstName` varchar(50) CHARACTER SET utf8mb4 DEFAULT NULL,
  `LastName` varchar(50) CHARACTER SET utf8mb4 DEFAULT NULL,
  `BirthYear` varchar(10) CHARACTER SET utf8mb4 DEFAULT NULL,
  PRIMARY KEY (`Id`)
) ENGINE=InnoDB AUTO_INCREMENT=613 DEFAULT CHARSET=latin1;
/*!40101 SET character_set_client = @saved_cs_client */;

--
-- Dumping data for table `Authors`
--

LOCK TABLES `Authors` WRITE;
/*!40000 ALTER TABLE `Authors` DISABLE KEYS */;
INSERT INTO `Authors` VALUES (100,'Razmik','Abnous',NULL),(101,'Joel','Adams',NULL),(102,'Stig','Adamsson',NULL),(103,'Stig','Adamsson','1937'),(104,'Johanna','Adsjö',NULL),(105,'AnnaBie','Agerberg','1958'),(106,'Jonas','Agerberg','1923'),(107,'Thomas','Ahlandsberg','1958'),(108,'Matts','Ahlsén',NULL),(109,'Lars','Ahrenberg',NULL),(110,'Vijay','Ahuja',NULL),(111,'Jeff','Alger',NULL),(112,'Liora','Alschuler',NULL),(113,'William C','Amo',NULL),(114,'StenGöran','Andersson','1940'),(115,'Karin','Andréasson',NULL),(116,'Torbjörn','Andréasson','1957'),(117,'Peter','Andrén',NULL),(118,'John','Angermeyer',NULL),(119,'Mats','Appelgren','1963'),(120,'William R','Arnold',NULL),(121,'Martin','Aronsson','1963'),(122,'Rolf','Aronsson','1942'),(123,'Åke','Aronsson','1940'),(124,'Stefan','Arvidsson',NULL),(125,'Stefan','Arvidsson','1967'),(126,'Rikard','Ask','1966'),(127,'Bengt','Asker','1928'),(128,'Anders','Avdic',NULL),(129,'Maurice J','Bach',NULL),(130,'Lennart','Back','1935'),(131,'Jean','Bacon',NULL),(132,'Steven M','Bellovin',NULL),(133,'Edward V','Berard',NULL),(134,'Stig','Berild','1944'),(135,'Ola','Berndtson',NULL),(136,'Jan','Berneryd',NULL),(137,'Alex','Berson',NULL),(138,'Elisa','Bertino',NULL),(139,'Johan','Bevemyr','1966'),(140,'Ulf','Bilting','1955'),(141,'LarsEric','Björk',NULL),(142,'Dag','Björklöf',NULL),(143,'Katarina','Blom',NULL),(144,'Grady','Booch',NULL),(145,'Håkan','Borgström',NULL),(146,'Lars','Bosrup',NULL),(147,'Mokrane','Bouzeghoub',NULL),(148,'Kenneth A','Bowen',NULL),(149,'John S','Bowie',NULL),(150,'Rune','Brandinger',NULL),(151,'Stephen','Brobst',NULL),(152,'Frederick Phillips Jr','Brooks',NULL),(153,'J Glenn','Brookshear',NULL),(154,'Donald P','Brown',NULL),(155,'Martin','Bryan',NULL),(156,'Jeff','Burger',NULL),(157,'Mark S','Burgess',NULL),(158,'Olle','Burholt','1963'),(159,'Sven','Burman',NULL),(160,'Sven','Burman','1943'),(161,'Diane','Burns',NULL),(162,'Pat J','Burns',NULL),(163,'Fred','Butzen',NULL),(164,'Bo','Bäckman',NULL),(165,'Bo','Bäckman','1945'),(166,'Thomas','Cabanski',NULL),(167,'Charles','Calvert',NULL),(168,'Stephen John','Cannan',NULL),(169,'R G G','Cattell',NULL),(170,'Documentation group','CDE',NULL),(171,'Stefano','Ceri',NULL),(172,'E','Cerny',NULL),(173,'Peter','Checkland',NULL),(174,'William R','Cheswick',NULL),(175,'Benneth','Christiansson',NULL),(176,'Paul S','Cilwa',NULL),(177,'Robert G','Clark',NULL),(178,'Rolf','Clausen',NULL),(179,'Mike','Cohn',NULL),(180,'Jim','Conger',NULL),(181,'Mary','Corbett',NULL),(182,'Todd','Courtois',NULL),(183,'Brad J','Cox',NULL),(184,'Sharon','Crawford',NULL),(185,'James','Crown',NULL),(186,'John','Cumberbatch',NULL),(187,'Serafim','Dahl','1945'),(188,'Åsa','Dahlberg','1968'),(189,'Bo','Dahlbom','1949'),(190,'Torgeir','Daler',NULL),(191,'Patrick W','Daly',NULL),(192,'Arman','Danesh',NULL),(193,'i Sverige','Dataföreningen',NULL),(194,'i Sverige DF','Dataföreningen',NULL),(195,'John','December',NULL),(196,'Harvey M','Deitel',NULL),(197,'Peter J','Denning',NULL),(198,'Arthur','Dent',NULL),(199,'Kurt W','Derr',NULL),(200,'Peter','Dexner',NULL),(201,'Olle','Dopping',NULL),(202,'Arthur','Dumas',NULL),(203,'Jeff','Duntemann',NULL),(204,'Joe','Duran',NULL),(205,'Bruce','Eckel',NULL),(206,'Jesper','Ek',NULL),(207,'Jesper','Ek','1964'),(208,'Bo','Ekdahl','1951'),(209,'Anna','Ekinge','1973'),(210,'Per','Eklund',NULL),(211,'Sven','Eklund','1962'),(212,'Sven','Eklund','1964'),(213,'Rasmus','Ekman',NULL),(214,'Rasmus','Ekman','1965'),(215,'Torgil','Ekman','1935'),(216,'EFI','Ekonomiska',NULL),(217,'Margaret A','Ellis',NULL),(218,'Ramez','Elmasri',NULL),(219,'Ahrvid','Engholm',NULL),(220,'Gary','Entsminger',NULL),(221,'Sven','Erikson',NULL),(222,'HansErik','Eriksson',NULL),(223,'HansErik','Eriksson','1961'),(224,'Fredrik','Espinoza','1970'),(225,'Ulf','Essler',NULL),(226,'Edward M','Eykholt',NULL),(227,'Ben','Ezzell',NULL),(228,'Martin','Fahlgren',NULL),(229,'Kurt D','Fenstermacher',NULL),(230,'Hans','Fernlund','1969'),(231,'Thomas','Finn',NULL),(232,'Charles N','Fischer',NULL),(233,'Maydene','Fisher',NULL),(234,'Philip','Fites',NULL),(235,'Dorothy','Forbes',NULL),(236,'Warwick','Ford',NULL),(237,'Anders','Forsell',NULL),(238,'Lennart','Fosselius',NULL),(239,'Martin','Fowler',NULL),(240,'James D','Foxall',NULL),(241,'Piero','Fraternali',NULL),(242,'Jan','Freese',NULL),(243,'Jan','Freese','1933'),(244,'Daniel P','Friedman',NULL),(245,'Frank L','Friedman',NULL),(246,'Kokichi','Futatsugi',NULL),(247,'Viiveke','Fåk',NULL),(248,'Håkan','Fägersten',NULL),(249,'Peter Baer','Galvin',NULL),(250,'G T Sr','Gangemi',NULL),(251,'Georges','Gardarin',NULL),(252,'David','Garlan',NULL),(253,'Ingebjörn','Gille',NULL),(254,'Mats','Glader',NULL),(255,'Peter A','Gloor',NULL),(256,'Jerry','Glynn',NULL),(257,'Mordy','Golding',NULL),(258,'Göran','Goldkuhl','1949'),(259,'Marcus','Goncalves',NULL),(260,'Ingvar','Gratte',NULL),(261,'Ingvar','Gratte','1943'),(262,'Theodore','Gray',NULL),(263,'Jan','Greve',NULL),(264,'James R','Groff',NULL),(265,'Peter','Gullers',NULL),(266,'Stefan','Gunnarsson',NULL),(267,'Nathan','Gurewich',NULL),(268,'Ori','Gurewich',NULL),(269,'NilsErik','Gustafsson',NULL),(270,'Håkan','Göransson','1968'),(271,'Bo','Göranzon',NULL),(272,'Mats','Göthe',NULL),(273,'Graham','Hamilton',NULL),(274,'Klas','Hamrin',NULL),(275,'Elliotte Rusty','Harold',NULL),(276,'Jan L','Harrington',NULL),(277,'Christopher T','Haynes',NULL),(278,'Gunvald','Hedemalm',NULL),(279,'Gregory L','Heileman',NULL),(280,'Peter M','Heinckiens',NULL),(281,'Douglas','Hergert',NULL),(282,'Valda','Hilley',NULL),(283,'Peter D','Hipson',NULL),(284,'Luke','Hohmann',NULL),(285,'Per','Holm',NULL),(286,'Per','Holm','1950'),(287,'Sten','Holmberg',NULL),(288,'Sten','Holmberg','1943'),(289,'Kolenda Magnus','Holmlid',NULL),(290,'Peter J','Holsberg',NULL),(291,'Allen I','Holub',NULL),(292,'Sue','Holwell',NULL),(293,'Steven','Holzner',NULL),(294,'John W','Horch',NULL),(295,'Cay S','Horstmann',NULL),(296,'Petersen Niels','Hosbond',NULL),(297,'Harold','Howe',NULL),(298,'Larry J Jr','Hughes',NULL),(299,'Ian','Hugo',NULL),(300,'Mary','Hutson',NULL),(301,'Ann','Hägerfors','1953'),(302,'Sture','Hägglund',NULL),(303,'Mattias','Hällström',NULL),(304,NULL,'Infosec',NULL),(305,'Magnus','Ingvarsson',NULL),(306,'för verkstadsteknisk forskning IVF','Institutet',NULL),(307,'logic programming conference 2 Uppsala','International','1984'),(308,'GullBritt','Isaksson','1959'),(309,'Nova','IT',NULL),(310,'Kevin','Jaeger',NULL),(311,'LarsErik','Janlert',NULL),(312,'Marianne','Janning',NULL),(313,'Kanazawa','Japanese','1996'),(314,'Roger','Jennings',NULL),(315,'Peter','Johannesson',NULL),(316,'LarsÅke','Johansson',NULL),(317,'Mikael','Johansson','1962'),(318,'Peter','Johnston',NULL),(319,'Capers','Jones',NULL),(320,'Erland','Jonsson','1946'),(321,'Örjan','Jonsson',NULL),(322,'Conny','Karlsson',NULL),(323,'Tord','Karlsson',NULL),(324,'Cecilia','Katzeff',NULL),(325,'Barry','Kauler',NULL),(326,'Brian W','Kernighan',NULL),(327,'Jessica','Keyes',NULL),(328,'Setrag','Khoshafian',NULL),(329,'Jurek','Kirakowski',NULL),(330,'Patricia','Klauer',NULL),(331,'C Delgado','Kloos',NULL),(332,'Björn','Kläppe','1937'),(333,'Donald E','Knuth',NULL),(334,'Donald Ervin','Knuth',NULL),(335,'Elliot B','Koffman',NULL),(336,'Michael S','Kogan',NULL),(337,'Peeter','Kool',NULL),(338,'Helmut','Kopka',NULL),(339,'Carl Philip','Korobkin',NULL),(340,'Martin','Kratz',NULL),(341,'Per','Krokstäde','1969'),(342,'David','Kruglinski',NULL),(343,'Christian','Krysander',NULL),(344,'Tekniska högskolan','Kungl',NULL),(345,'Bengt','Kynning','1936'),(346,'Hans','Köhler',NULL),(347,'Robert','Lafore',NULL),(348,'Karin','Landmér','1958'),(349,'Börje','Langefors','1915'),(350,'Craig','Larman',NULL),(351,'James A','Larson',NULL),(352,'Alex','Leavens',NULL),(353,'Richard J Jr','LeBlanc',NULL),(354,'Geoffrey T','LeBlond',NULL),(355,'Göran','Ledell',NULL),(356,'Sanford','Leestma',NULL),(357,'Per','Lennartzon','1972'),(358,'Jaan','Lepp',NULL),(359,'Jaan','Lepp','1964'),(360,'Örjan','Leringe','1944'),(361,'Lance A','Leventhal',NULL),(362,'John','Lewis',NULL),(363,'Ingrid','Lilja','1944'),(364,'Björn','Lindberg',NULL),(365,'Mats','Linde',NULL),(366,'Christer','Lindgren',NULL),(367,'Thomas','Lindgren','1966'),(368,'Kjell','Lindqvist','1943'),(369,'Lena','Lindström',NULL),(370,'Thomas','Lingefjärd',NULL),(371,'Wolfgang','Link',NULL),(372,'universitet Institutionen för datavetenskap','Linköpings',NULL),(373,'Stanley B','Lippman',NULL),(374,'Martin Advanced Concepts Center','Lockheed',NULL),(375,'William','Loftus',NULL),(376,'Tommy','Lundahl','1960'),(377,'Kent','Lundberg',NULL),(378,'Peter','Lundell',NULL),(379,'Jan','Lundgren',NULL),(380,'Bengt','Lundin',NULL),(381,'Joakim','Lundin',NULL),(382,'MarieTherese','Lundmark',NULL),(383,'Hans','Lunell',NULL),(384,'Thomas','Långbacka',NULL),(385,'Jonas','Löwgren','1964'),(386,'Stan','Magee',NULL),(387,'Stephen A','Maguire',NULL),(388,'David','Maier',NULL),(389,'Mark W','Maier',NULL),(390,'Kristina','Malm',NULL),(391,'Business School','Manchester',NULL),(392,'Anthony T','Mann',NULL),(393,'Robert Cecil','Martin',NULL),(394,'Lorenzo','Martino',NULL),(395,'Lars','Mathiassen',NULL),(396,'Robert M','Mattison',NULL),(397,'Hans','Mattsson','1945'),(398,'Steve','McConnell',NULL),(399,'Colin','McGhee',NULL),(400,'Gian','Medri','1933'),(401,'Margareta','Medri','1933'),(402,'Jill','Mellström',NULL),(403,'Bertrand','Meyer',NULL),(404,'Scott','Meyers',NULL),(405,'John','Miano',NULL),(406,'Corporation','Microsoft',NULL),(407,'Hubert','Mille',NULL),(408,'Howard Wilbert','Miller',NULL),(409,'Daniel','Minoli',NULL),(410,'Hans','Moll',NULL),(411,'Hans','Moll','1947'),(412,'Andrew','Monk',NULL),(413,'Johan','Montelius','1963'),(414,'Ron','Morrison','1946'),(415,'Thomas A','Mueck',NULL),(416,'Enid','Mumford',NULL),(417,'Erik','Månsson',NULL),(418,'Kalle','Mäkilä',NULL),(419,'Anders','Möller','1952'),(420,'Shamkant B','Navathe',NULL),(421,'Mark','Nelson',NULL),(422,'John R','Nicholson',NULL),(423,'Anders','Nilsson',NULL),(424,'Anders G','Nilsson',NULL),(425,'Catherine','Nilsson','1966'),(426,'Nils','Nilsson',NULL),(427,'Rolf','Nilsson',NULL),(428,'Roger','Nordin','1965'),(429,'Alexandra','Norell','1966'),(430,'KarlJohan','Norén','1971'),(431,'Johannes','Norrby',NULL),(432,'Peter','Norton',NULL),(433,'Marketa','Novak',NULL),(434,'Larry','Nyhoff',NULL),(435,'Erik','Nyquist',NULL),(436,'Dan','Nyström',NULL),(437,'Strömberg Britt','Näslund','1952'),(438,'Ideas','Objective',NULL),(439,'Timothy M','OBrien',NULL),(440,'Mats','Ohlin',NULL),(441,'Lennart','Ohlsson',NULL),(442,'Linda I','OLeary',NULL),(443,'Timothy J','OLeary',NULL),(444,'Peter','Olofsson',NULL),(445,'Svante','Olofsson',NULL),(446,'Tomas','Olovsson','1959'),(447,'Ingmar','Olsson',NULL),(448,'Ingmar','Olsson','1940'),(449,'PerOlov','Olsson',NULL),(450,'Martin','Omander','1970'),(451,'Gerard M A','Otten',NULL),(452,'Ingrid','Ottersten','1958'),(453,'Elizabeth','Oxborrow',NULL),(454,'Jacob','Palme',NULL),(455,'Mark C','Paulk',NULL),(456,'Giuseppe','Pelagatti',NULL),(457,'Magnus','Penker',NULL),(458,'Paula','Penttinen','1970'),(459,'Fernando C N','Pereira',NULL),(460,'Annika','Persson',NULL),(461,'Richard','Petersen',NULL),(462,'Anders','Peterson',NULL),(463,'James Lyle','Peterson',NULL),(464,'Mark','Peterson',NULL),(465,'Charles','Petzold',NULL),(466,'Charles P','Pfleeger',NULL),(467,'David S','Platt',NULL),(468,'Vidette','Poe',NULL),(469,'Steven J','Pogge',NULL),(470,'Ira','Pohl',NULL),(471,'Martin L','Polaschek',NULL),(472,'Jesse H','Poore',NULL),(473,'Horacio','Porta',NULL),(474,'Cary N','Prague',NULL),(475,'Terrence W','Pratt',NULL),(476,'Wolfgang','Pree',NULL),(477,'Lars Göran','Pärletun','1946'),(478,'Nils','Qwerin',NULL),(479,'Martin','Rantzer',NULL),(480,'Andy','Rathbone',NULL),(481,'Software Corporation','Rational',NULL),(482,'Eberhardt','Rechtin',NULL),(483,'George','Reese',NULL),(484,'Simon','Reeve',NULL),(485,'Donald J','Reifer',NULL),(486,'Olle','Rejler','1936'),(487,'RRV Avdelningen för effektivitetsrevision','Riksrevisionsverket',NULL),(488,'Tim','Ritchey',NULL),(489,'Dennis M','Ritchie',NULL),(490,'D W','Roberts',NULL),(491,'Eric','Roberts',NULL),(492,'Graham','Roberts',NULL),(493,'Hugh','Robinson',NULL),(494,'Jean B','Rogers',NULL),(495,'Peter','Rosengren',NULL),(496,'Eric','Roupé',NULL),(497,'Neil J','Rubenking',NULL),(498,'Gillis','Rudh','1946'),(499,'Kjell','Rundqvist',NULL),(500,'Deborah','Russell',NULL),(501,'Nils','Rydén',NULL),(502,'Olof','Rydergren',NULL),(503,'Annie','Röstlinger','1950'),(504,'Torbjörn','Sand',NULL),(505,'Dan','Sandberg','1965'),(506,'Lars','Sandmark','1942'),(507,'Charles H','Sauer',NULL),(508,'Walter J','Savitch',NULL),(509,'Herbert','Schildt',NULL),(510,'Kurt J','Schmucker',NULL),(511,'Michael A','Schoonover',NULL),(512,'Thomas W','Schultz',NULL),(513,'Kendall','Scott',NULL),(514,'Robert','Sedgewick',NULL),(515,'Saumyendra','Sengupta',NULL),(516,'Roger','Sessions',NULL),(517,'Clifford A','Shaffer',NULL),(518,'Mary','Shaw',NULL),(519,'Thomas','Sheldon',NULL),(520,'Stuart M','Shieber',NULL),(521,'Ben','Shneiderman',NULL),(522,'Stefan','Sigfried',NULL),(523,'Robert','Signore',NULL),(524,'Abraham','Silberschatz',NULL),(525,'Errol','Simon',NULL),(526,'Richard J','Simon',NULL),(527,'Alan','Simpson',NULL),(528,'Harry','Singh',NULL),(529,'Jan','Skansholm','1949'),(530,'Stephen J','Smith',NULL),(531,'Christine','Solomon',NULL),(532,'Ian','Sommerville','1951'),(533,'William','Song',NULL),(534,'Ron','Soukup',NULL),(535,NULL,'Spri',NULL),(536,'i Sverige','Standardiseringen',NULL),(537,NULL,'Statskontoret',NULL),(538,'Bo','Stbner',NULL),(539,'Michael O','Stegman',NULL),(540,'Bo','Steinholtz',NULL),(541,'Per','Stenström',NULL),(542,'Ryan K','Stephens',NULL),(543,'Robert W','Stewart',NULL),(544,'Martin','Stitt',NULL),(545,'Clifford','Stoll',NULL),(546,'Erik','Stolterman','1956'),(547,'Bjarne','Stroustrup',NULL),(548,'Daniel F','Stubbs',NULL),(549,'Christer','Sturmark',NULL),(550,'Christer','Sturmark','1964'),(551,'Sten','Sundblad','1939'),(552,'Bo','Sundgren',NULL),(553,'Tom','Swan',NULL),(554,'institutet för systemutveckling','Svenska',NULL),(555,'ITföretagens organisation SITO','Svenska',NULL),(556,'kommunförbundet','Svenska',NULL),(557,'Anna','Svensson','1971'),(558,'Per','Svensson',NULL),(559,'mekanförbund','Sveriges',NULL),(560,'verkstadsindustrier VI','Sveriges',NULL),(561,NULL,'Särimner',NULL),(562,'Gunnar','Söderbergh',NULL),(563,'Herbert','Söderström',NULL),(564,'Peter','Söderström',NULL),(565,'Rune','Söderström',NULL),(566,'Rick','Tanler',NULL),(567,'David A','Taylor',NULL),(568,'Thomas','Tenevall',NULL),(569,'Olle','Termén',NULL),(570,'Putnam P','Texel',NULL),(571,'Leif','Thollander',NULL),(572,'Yvonne','ThorfveEverett','1956'),(573,'Sören','Thornell',NULL),(574,'Carmen J','Trammell',NULL),(575,'Leonard L','Tripp',NULL),(576,'StenÅke','Tärnlund','1941'),(577,'J Jerry','Uhl',NULL),(578,'Annika','Waern','1960'),(579,'Group','Waite',NULL),(580,'Kim','Walden',NULL),(581,'Patrick','Valduriez',NULL),(582,'D W','Walker',NULL),(583,'Mitchell','Wand',NULL),(584,'Wallace','Wang',NULL),(585,'Ilan','Vardi',NULL),(586,'David S','Warren',NULL),(587,'Margus','Veanes','1966'),(588,'Neil W','Webre',NULL),(589,'Paul N','Weinberg',NULL),(590,'Ragnar','Weinz',NULL),(591,'Ragnar','Weinz','1939'),(592,'Ulla Britt','Weinz',NULL),(593,'Ulla Britt','Weinz','1943'),(594,'UllaBritt','Weinz','1943'),(595,'Tommy','Welander',NULL),(596,'Sharyn','Venit',NULL),(597,'Magnus','Werner','1968'),(598,'Michael','Vernick',NULL),(599,'Per','Westerberg','1949'),(600,'Geoffrey E','White',NULL),(601,'Torbjörn','Wiberg',NULL),(602,'Lars','Wiktorin',NULL),(603,'Kristina','Wiktorsson','1967'),(604,'Charles B','Williams',NULL),(605,'Leslie B','Wilson',NULL),(606,'Russel','Winder',NULL),(607,'Ulf','Wingstedt',NULL),(608,'Bengt','Ydenius',NULL),(609,'Rodnay','Zaks',NULL),(610,'Beck','Zaratian',NULL),(611,'StenErik','Öhlund',NULL),(612,'Björn','Östlund',NULL);
/*!40000 ALTER TABLE `Authors` ENABLE KEYS */;
UNLOCK TABLES;

--
-- Table structure for table `BookAuthors`
--

DROP TABLE IF EXISTS `BookAuthors`;
/*!40101 SET @saved_cs_client     = @@character_set_client */;
 SET character_set_client = utf8mb4 ;
CREATE TABLE `BookAuthors` (
  `BookISBN` varchar(15) CHARACTER SET utf8mb4 NOT NULL,
  `AuthorId` int(11) NOT NULL,
  PRIMARY KEY (`BookISBN`,`AuthorId`),
  KEY `FK_BOOK_AUTHOR_AUTHOR` (`AuthorId`),
  CONSTRAINT `FK_BOOK_AUTHOR_AUTHOR` FOREIGN KEY (`AuthorId`) REFERENCES `Authors` (`Id`) ON DELETE NO ACTION ON UPDATE NO ACTION,
  CONSTRAINT `FK_BOOK_AUTHOR_BOOK` FOREIGN KEY (`BookISBN`) REFERENCES `Books` (`ISBN`) ON DELETE NO ACTION ON UPDATE NO ACTION
) ENGINE=InnoDB DEFAULT CHARSET=latin1;
/*!40101 SET character_set_client = @saved_cs_client */;

--
-- Dumping data for table `BookAuthors`
--

LOCK TABLES `BookAuthors` WRITE;
/*!40000 ALTER TABLE `BookAuthors` DISABLE KEYS */;
INSERT INTO `BookAuthors` VALUES ('0471518026',100),('0137758006',101),('70270635',102),('9170270937',103),('3243',104),('9144221819',105),('9144221819',106),('9178824230',107),('9924880048',108),('410218',109),('0120455951',110),('0120499428',111),('1850321973',112),('9188311236',113),('9140801551',114),('9144282613',115),('9144342926',116),('1918',117),('380712',117),('9186200240',118),('9920948454',119),('0201563452',120),('9171531483',121),('9188734080',122),('9144002920',123),('9163603233',124),('9163603004',125),('9163604345',125),('9163604469',125),('916360454X',125),('9163604736',125),('9163604760',125),('9188690210',126),('918886202X',127),('917871513X',128),('32017571',129),('9178824133',130),('01416778',131),('3574',132),('0132888955',133),('9923248305',134),('9924479831',134),('649X',135),('602083',136),('0070062722',137),('0201624397',138),('9150611771',139),('9144267312',140),('23630590',141),('24345768',142),('881X',143),('0805306005',144),('1884842712',144),('028038',145),('9144146019',146),('1850323011',147),('0070067317',148),('0201563452',149),('9144402724',150),('0137696396',151),('0201835959',152),('05309039',153),('01572702',154),('01572710',154),('0201403943',155),('0201581124',156),('0201608286',157),('9163604663',158),('916360468X',158),('9163604698',158),('9163604701',158),('9163605031',158),('6947',159),('912113684X',160),('1558285342',161),('9188311279',162),('1558284915',163),('6947',164),('912113684X',165),('157169109X',166),('0672310228',167),('0077076648',168),('0201309955',169),('020148952X',170),('0201403692',171),('662150',171),('0412788101',172),('0471958204',173),('3574',174),('9924253248',175),('1883577004',176),('0201184834',177),('651X',178),('1575213036',179),('1878739158',180),('884475',181),('0138504547',182),('0201103931',183),('9188311570',184),('0442008635',185),('425511',186),('9144375913',187),('9178824176',188),('9144613016',189),('9187026384',190),('020142777X',191),('1571690840',192),('918886202X',193),('649X',194),('86656511',194),('9186656430',194),('9186656686',194),('1575210398',195),('01548895',196),('0201530678',197),('60213X',198),('602148',198),('1884842100',199),('9144605110',200),('44114818',201),('0672305941',202),('1883577004',203),('0201847477',204),('0078818095',205),('9121127816',206),('9144384416',206),('916360230X',206),('9163603233',206),('9163604744',206),('9163602776',207),('9163603004',207),('9163604345',207),('9163604426',207),('9163604434',207),('9163604450',207),('9163604469',207),('916360454X',207),('9163604736',207),('9163604760',207),('9163604779',207),('9163604795',207),('9163604825',207),('9163604833',207),('9163604876',207),('9140624935',208),('9163604825',209),('9163604833',209),('60308X',210),('9144006268',211),('9144384912',212),('9163604744',213),('9163602776',214),('9163604426',214),('9144005180',215),('9172583266',216),('0201514591',217),('1453',218),('9188310132',219),('1558512969',220),('88436020',221),('0471191612',222),('914400219X',223),('9144381913',223),('9164401626',224),('9171537007',225),('1884842712',226),('0201608669',227),('88436020',228),('9188311597',229),('9144006268',230),('0830643273',231),('05321667',232),('0201309955',233),('42285329',234),('1558284915',235),('0137994532',236),('9922731614',237),('9922731630',237),('9138610248',238),('0201325632',239),('9188311236',240),('0201403692',241),('87026155',242),('9187026384',243),('0262560674',244),('0201526492',245),('3540609547',246),('44309910',247),('86656376',248),('0201542625',249),('37175714',250),('1850323011',251),('0131829572',252),('9186201476',253),('425511',254),('44439210',254),('081763911X',255),('528185',256),('1568304102',257),('9138610191',258),('0070246459',259),('44196822',260),('8015',260),('9147030097',260),('9163404575',260),('9163409399',260),('9147035099',261),('9163420880',261),('528185',262),('9144297912',263),('9179420133',264),('44168411',265),('1918',266),('380712',266),('9163604965',267),('9163604965',268),('410218',269),('9144461712',270),('44168411',271),('9152411621',272),('0201309955',273),('9144479719',274),('9188311457',275),('012326426X',276),('0262560674',277),('9186201379',278),('0070278938',279),('0201310139',280),('56151659',281),('9188311333',282),('0672301687',283),('0132366134',284),('9916008507',285),('9144007361',286),('87026155',287),('9187026384',288),('9144384416',289),('31097032',290),('31551515',291),('0471958204',292),('0136630146',293),('0136632041',293),('1558514880',293),('1558515658',293),('0890068658',294),('0471147672',295),('9144300719',296),('157169109X',297),('1562055089',298),('9171624058',299),('9164401472',300),('9144604114',301),('410218',302),('9924316797',303),('9924880048',303),('9924479890',305),('410218',306),('9905775390',307),('9163604736',308),('411583',309),('9186200240',310),('44303017',311),('9138610248',312),('3540609547',313),('72304406',314),('40802434',315),('9924479866',316),('9178717302',317),('42285329',318),('0070328137',319),('9171972374',320),('86656376',321),('9163409410',322),('9163420066',322),('916360230X',323),('9925123852',324),('013020207X',325),('31103628',326),('97029645',326),('007034678X',327),('0471518026',328),('884475',329),('0137696396',330),('0412788101',331),('9188972348',332),('0201038099',333),('0201134470',334),('0201526492',335),('01548895',336),('9921577115',337),('020142777X',338),('87941940',339),('42285329',340),('9144004125',341),('1572315652',342),('410218',343),('71709916',344),('9144005997',345),('9144294913',345),('44195443',346),('9179420214',347),('9163411911',348),('9144613016',349),('0137488807',350),('32908670',351),('0672300974',352),('05321667',353),('0078815037',354),('86656511',355),('9186656597',355),('0137758006',356),('916360468X',357),('60308X',358),('9163604663',359),('9163604698',359),('9197115908',360),('0079310125',361),('0201571641',362),('9140624935',363),('9186656686',364),('9163602962',365),('3243',366),('915061181X',367),('9144375913',368),('74980890',369),('88436020',370),('9163604655',371),('410218',372),('917871513X',372),('01548488',373),('0805322795',374),('0201571641',375),('9188690210',376),('410218',377),('44444311',378),('40802434',379),('9186064002',379),('9186064045',379),('9186064002',380),('1918',381),('9924068696',382),('44151926',383),('44151934',383),('9144476310',383),('952120074X',384),('9144006810',385),('0890069190',386),('1556156502',387),('0805366814',388),('0849378362',389),('9144384416',390),('03808285',391),('0672310481',392),('0132038374',393),('0201624397',394),('9144006934',395),('0070410348',396),('9144342217',397),('1556159005',398),('9157800383',399),('914421541X',400),('914421541X',401),('9163602636',402),('479257',403),('563649',404),('157169109X',405),('1572313404',406),('74980890',407),('1555581951',408),('0070425930',409),('9147030097',410),('9163409453',410),('9163405156',411),('9163420252',411),('5808',412),('9150612158',413),('0201142279',414),('0792399714',415),('03808285',416),('44195443',417),('44196822',417),('44168411',418),('9144470010',419),('1453',420),('1558512160',421),('9188311279',422),('9138610191',423),('9172583266',424),('9163602377',425),('9163602962',426),('23630590',427),('9144004125',428),('9163604434',429),('9163604450',430),('9144402724',431),('9121588384',432),('9179420214',432),('1410',433),('0137758006',434),('9152411621',435),('9923950751',436),('9123014024',437),('9152411621',438),('1572313587',439),('9163024837',440),('44264615',441),('0070490678',442),('0070490678',443),('9186201905',444),('9521201924',445),('9171972013',446),('0243',447),('0954',447),('1705',447),('21128995',447),('7587',447),('866X',447),('912158804X',448),('9147000937',448),('9144365918',449),('9164401626',450),('0077076648',451),('9144461712',452),('086238091X',453),('291019',454),('0201546647',455),('662150',456),('0471191612',457),('9163602318',458),('0937073172',459),('1410',460),('0078824613',461),('315317',462),('0201060892',463),('78739166',464),('1556153953',465),('0133374866',466),('0131214845',467),('0137696396',468),('1572313587',469),('080530911X',470),('0792399714',471),('5554654X',472),('01572702',473),('01572710',473),('9188311236',474),('0136542867',475),('0201422948',476),('9144004125',477),('9144479719',478),('9925157951',479),('9188311570',480),('0805322795',481),('0849378362',482),('1565922700',483),('9157800383',484),('0471578533',485),('9144342217',486),('0734',487),('74980890',487),('156205533X',488),('31103628',489),('97029645',489),('63531806',490),('0201545411',491),('0471976555',492),('62382327',493),('0201064677',494),('9921577115',495),('9138610248',496),('88310906',497),('9163411911',498),('44444311',499),('37175714',500),('3944',501),('916360230X',502),('9138610191',503),('9147030097',504),('9188311821',505),('9144000626',506),('9144004567',506),('0201847477',507),('080537440X',508),('0078816912',509),('0810465655',510),('0201563452',511),('0137538154',512),('0201325632',513),('0201510596',514),('87941940',515),('0136301045',516),('0136609112',517),('0131829572',518),('79420028',519),('79420478',519),('0937073172',520),('01572869',521),('9152411621',522),('0830643273',523),('0201060892',524),('0201542625',524),('0077090764',525),('1571690115',526),('86200917',527),('013591793X',528),('9144252315',529),('9144267312',529),('9144342926',529),('0070062722',530),('1572314400',531),('0201142279',532),('9925133521',533),('1572313315',534),('9171624058',536),('9186656430',538),('0830643273',539),('71709916',540),('44264615',541),('9163604973',542),('5097',543),('7155829X',544),('9177384350',545),('9144006810',546),('01539926',547),('0201514591',547),('0201543303',547),('0201889544',547),('34038190',548),('34092640',548),('602083',549),('60213X',549),('602148',549),('9121127816',549),('9144384416',549),('9186201751',549),('9186201905',549),('9163602318',550),('9163602377',550),('9121588503',551),('9140800946',551),('9140801594',551),('44359918',552),('79791574',553),('9924880048',554),('6241',555),('9170990360',556),('9170990379',556),('9170990387',556),('9170990395',556),('9170990409',556),('9170990476',556),('9170990484',556),('9163604701',557),('44168411',558),('410218',559),('9152403645',559),('411583',560),('9152411621',560),('40552004',562),('73825875',563),('86656376',564),('292813',565),('0471180041',566),('0201309947',567),('86656376',568),('9144183313',569),('013727405X',570),('44168411',571),('916301310X',572),('40802434',573),('9186064002',573),('9186064045',573),('5554654X',574),('0890069190',575),('9905775390',576),('01572702',577),('01572710',577),('9171534563',578),('1878739158',579),('71709916',580),('1850323011',581),('80400663',582),('0262560674',583),('918831166X',584),('01529890',585),('0805366814',586),('9150612174',587),('34038190',588),('34092640',588),('9179420133',589),('9157410127',590),('9163408201',590),('9163409445',590),('9147035129',591),('9163420260',591),('9163408201',592),('9163409445',592),('9147035129',593),('9163420260',594),('649X',595),('1558285342',596),('917871687X',597),('0830643273',598),('9144160879',599),('1572313587',600),('44303017',601),('411583',602),('9163602377',603),('013727405X',604),('0201184834',605),('0471976555',606),('9921577115',607),('9186201751',608),('8620002X',609),('1572315105',610),('9924316797',611),('44444311',612);
/*!40000 ALTER TABLE `BookAuthors` ENABLE KEYS */;
UNLOCK TABLES;

--
-- Table structure for table `Books`
--

DROP TABLE IF EXISTS `Books`;
/*!40101 SET @saved_cs_client     = @@character_set_client */;
 SET character_set_client = utf8mb4 ;
CREATE TABLE `Books` (
  `ISBN` varchar(15) CHARACTER SET utf8mb4 NOT NULL,
  `Title` varchar(255) CHARACTER SET utf8mb4 DEFAULT NULL,
  `SignId` int(11) DEFAULT NULL,
  `PublicationYear` varchar(10) CHARACTER SET utf8mb4 DEFAULT NULL,
  `PublicationInfo` varchar(255) CHARACTER SET utf8mb4 DEFAULT NULL,
  `Pages` smallint(6) DEFAULT NULL,
  PRIMARY KEY (`ISBN`),
  KEY `FK_BOOK_CLASSIFICATION` (`SignId`),
  CONSTRAINT `FK_BOOK_CLASSIFICATION` FOREIGN KEY (`SignId`) REFERENCES `Classifications` (`SignId`) ON DELETE NO ACTION ON UPDATE NO ACTION
) ENGINE=InnoDB DEFAULT CHARSET=latin1;
/*!40101 SET character_set_client = @saved_cs_client */;

--
-- Dumping data for table `Books`
--

LOCK TABLES `Books` WRITE;
/*!40000 ALTER TABLE `Books` DISABLE KEYS */;
INSERT INTO `Books` VALUES ('0070062722','Data warehousing data mining and OLAP',33,NULL,'Berkly : McGraw-Hill, 1978',742),('0070067317','Prolog and expert systems',16,NULL,'Pacific Grove, Calif. : Brooks/Cole, cop. 1989',534),('0070246459','Firewalls complete',41,NULL,'Stockholm : Almqvist & Wiksell dataförl., 1992',783),('0070278938','Data structures algorithms and objectoriented programming',3,NULL,'Pacific Grove, Calif. : Brooks/Cole, cop. 1989',534),('0070328137','Applied software measurement : assuring productivity and quality',3,NULL,'Linköping : WT-konsult, Emmdata, 1980',276),('007034678X','Datacasting : how to stream databases over the Internet',33,NULL,'Stockholm : Almqvist & Wiksell dataförl., 1992',786),('0070410348','Data warehousing : strategies technologies and techniques',22,NULL,'Stockholm : Liber utbildning dataförl., 1993',706),('0070425930','Analyzing outsourcing : reengineering information and communication systems',1,NULL,'Linköping : WT-konsult, Emmdata, 1980',262),('0070490678','Paradox 5 0 for Windows',38,NULL,'Berkly : McGraw-Hill, 1978',756),('0077076648','SQL : the standard handbook : based on the new SQL standard ISO 9075119E',33,NULL,'Stockholm : Liber utbildning dataförl., 1993',714),('0077090764','Distributed information systems : from client server to distributed multimedia',33,NULL,'Berkly : McGraw-Hill, 1978',750),('0078815037','dBASE IV : the complete reference',35,NULL,'Stockholm : Almqvist & Wiksell dataförl., 1992',771),('0078816912','art of C : elegant programming solutions',7,NULL,'Lund : Studentlitteratur, 1989',304),('0078818095','C inside out',8,NULL,'Stockholm : DF förlag, 1991',478),('0078824613','Linux : the complete reference',26,NULL,'Stockholm : Almqvist & Wiksell dataförl., 1992',786),('0079310125','6800 assembly language programming',3,NULL,'Lund : Studentlitteratur, 1989',202),('0120455951','Network and Internet security',41,NULL,'Berkly : McGraw-Hill, 1978',729),('0120499428','C for real programmers',7,NULL,'Stockholm : Almqvist & Wiksell dataförl., 1992',786),('012326426X','SQL clearly explained',33,NULL,'Stockholm ; Helsingfors : Pagina, 1997',803),('013020207X','Windows assembly language systems programming : object oriented lowlevel systems programming in assembly language for Windows 3 x',3,NULL,'Stockholm : Sveriges mekanförbund, 1989',502),('0131214845','Windows 95 and NT : Win32 API from scratch : a programmers workbook',31,NULL,'Berkly : McGraw-Hill, 1978',747),('0131829572','Software architecture : perspectives on an emerging discipline',3,NULL,'Berkly : McGraw-Hill, 1978',752),('0132038374','Designing objectoriented C applications using the Booch method',3,NULL,'Indianapolis : SAMS, 1995',588),('0132366134','Journey of the software professional : a sociology of software development',3,NULL,'Stockholm : Liber utbildning dataförl., 1993',707),('0132888955','Essays on objectoriented software engineering Vol 1',2,NULL,'Berkly : McGraw-Hill, 1978',745),('0133374866','Security in computing',41,NULL,'Berkly : McGraw-Hill, 1978',727),('013591793X','Data warehousing : concepts technologies implementations and management',33,NULL,'Berkly : McGraw-Hill, 1978',742),('0136301045','Class construction in C C : objectoriented programming fundamentals',3,NULL,'Stockholm : Sveriges mekanförbund, 1989',505),('0136542867','Pascal : a new introduction to computer science',3,NULL,'Stockholm : Almqvist & Wiksell dataförl., 1992',771),('0136609112','Practical introduction to data structures and algorithm analysis : Java edition',1,NULL,'Stockholm : Almqvist & Wiksell dataförl., 1992',786),('0136630146','Advanced assembly language',3,NULL,'Redmond, Washington : Microsoft Press, 1994',222),('0136632041','C programming',8,NULL,'Stockholm : DF förlag, 1991',478),('013727405X','Use cases combined with BOOCH OMT UML : process and products',2,NULL,'Stockholm : Almqvist & Wiksell dataförl., 1992',778),('0137488807','Applying UML and patterns : an introduction to objectoriented analysis and design',3,NULL,'Berkly : McGraw-Hill, 1978',729),('0137538154','C and the 8051 : programming for multitasking',3,NULL,'Stockholm : DF förlag, 1991',477),('0137696396','Building a data warehouse for decision support',33,NULL,'Berkly : McGraw-Hill, 1978',742),('0137758006','C : an introduction to computing',7,NULL,'Berkly : McGraw-Hill, 1978',758),('0137994532','Computer communications security : principles standards protocols and techniques',41,NULL,'Stockholm ; Helsingfors : Pagina, 1997',804),('0138504547','Java networking and communications',13,NULL,'Stockholm : Liber utbildning dataförl., 1993',717),('01416778','Concurrent systems : an integrated approach to operatic systems database and distributed systems',23,NULL,'Pacific Grove, Calif. : Brooks/Cole, cop. 1989',528),('01529890','Computational recreations in Mathematica',50,NULL,'Pacific Grove, Calif. : Brooks/Cole, cop. 1989',522),('01539926','C programming language',8,NULL,'Stockholm : DF förlag, 1991',479),('01548488','C primer',8,NULL,'Stockholm : DF förlag, 1991',478),('01548895','design of OS 2',28,NULL,'Indianapolis : SAMS, 1995',587),('01572702','Calculus Mathematica : basics tutorials and literacy sheets Part 1',50,NULL,'Chichester : Wiley, 1998',481),('01572710','Calculus Mathematica : give it a try Part 1',50,NULL,'Chichester : Wiley, 1998',481),('01572869','Designing the user interface : strategies for effective humancomputer interaction',1,NULL,'Indianapolis : SAMS, 1995',588),('0201038099','art of computer programming Vol 1 Fundamental algorithms',3,NULL,'Lund : Studentlitteratur, 1989',305),('0201060892','Operating system concepts',23,NULL,'Stockholm : Almqvist & Wiksell dataförl., 1992',775),('0201064677','Prolog primer',16,NULL,'Stockholm : Almqvist & Wiksell dataförl., 1992',794),('0201103931','Objectoriented programming : an evolutionary approach',3,NULL,'Berkly : McGraw-Hill, 1978',760),('0201134470','Computers typesetting',58,NULL,'New York : McGraw-Hill, 1995',647),('0201142279','Software development with Ada',4,NULL,'Pacific Grove, Calif. : Brooks/Cole, cop. 1989',535),('0201184834','Comparative programming languages',3,NULL,'Stockholm : Sveriges mekanförbund, 1989',516),('0201309947','Object technology : a managers guide',3,NULL,'Stockholm : Almqvist & Wiksell dataförl., 1992',764),('0201309955','JDBC database access with Java : a tutorial and annotated reference',33,NULL,'Berkly : McGraw-Hill, 1978',737),('0201310139','Building scalable database applications : objectoriented design architectures and implementations',33,NULL,'Stockholm : Almqvist & Wiksell dataförl., 1992',786),('0201325632','UML distilled : applying the standard object modeling language',3,NULL,'Pacific Grove, Calif. : Brooks/Cole, cop. 1989',548),('0201403692','Designing database applications with objects and rules : the ideas methodology',33,NULL,'Pacific Grove, Calif. : Brooks/Cole, cop. 1989',535),('0201403943','SGML and HTML explained',22,NULL,'Stockholm : Sveriges verkstadsindustrier, 1993',620),('0201422948','Design patterns for objectoriented software development',3,NULL,'Indianapolis : SAMS, 1995',587),('020142777X','guide to LATEX2epsilon : document preparation for beginners and advanced users',49,NULL,'New York : McGraw-Hill, 1995',647),('020148952X','Common desktop environment 1 0 : advanced users and system administrators guide',29,NULL,'Stockholm : Sveriges mekanförbund, 1989',512),('0201510596','Algorithms in C',8,NULL,'Redmond, Washington : Microsoft Press, 1994',244),('0201514591','annotated C reference manual',8,NULL,'Linköping : WT-konsult, Emmdata, 1980',267),('0201526492','Problem solving abstraction and design using C',8,NULL,'Stockholm : Sveriges mekanförbund, 1989',513),('0201530678','Computers under attack : intruders worms and viruses',41,NULL,'Stockholm : Almqvist & Wiksell dataförl., 1992',773),('0201542625','Operating system concepts',23,NULL,'Stockholm : Almqvist & Wiksell dataförl., 1992',783),('0201543303','design and evolution of C',8,NULL,'Indianapolis : SAMS, 1995',586),('0201545411','Programming abstractions in C : a second course in computer science',7,NULL,'Stockholm : Almqvist & Wiksell dataförl., 1992',771),('0201546647','Capability maturity model : guidelines for improving the software process',3,NULL,'Stockholm : Almqvist & Wiksell dataförl., 1992',786),('0201563452','GNU emacs : UNIX text editing and programming',3,NULL,'Lund : Studentlitt., 1984',971),('0201571641','Java software solutions : foundations of program design',13,NULL,'Stockholm : Liber utbildning dataförl., 1993',713),('0201581124','desktop multimedia bible',1,NULL,'Indianapolis : SAMS, 1995',589),('0201608286','Advanced Visual Basic : a developers guide',19,NULL,'Redmond, Washington : Microsoft Press, 1994',223),('0201608669','Borland C 3 0 programming',8,NULL,'Reading : Addison-Wesley, cop. 1994',430),('0201624397','Objectoriented database systems : concepts and architectures',33,NULL,'Pacific Grove, Calif. : Brooks/Cole, cop. 1989',535),('0201835959','mythical manmonth : essays on software engineering',2,NULL,'Berkly : McGraw-Hill, 1978',747),('0201847477','Mainstream videoconferencing : a developers guide to distance multimedia',40,NULL,'Pacific Grove, Calif. : Brooks/Cole, cop. 1989',535),('0201889544','C programming language',7,NULL,'Berkly : McGraw-Hill, 1978',753),('0243','Grunderna i Pascal',15,NULL,NULL,987),('0262560674','Essentials of programming languages',3,NULL,'Berkly : McGraw-Hill, 1978',749),('028038','Dödliga data : berättelser från ett riskabelt Sverige',41,NULL,'New York : McGraw-Hill, 1994',637),('03808285','Designing human systems for new technology : the ETHICS method',2,NULL,'Indianapolis : SAMS, 1995',588),('0412788101','Hardware description languages and their applications : specification modelling verification and synthesis of microelectronic systems',2,NULL,'Pacific Grove, Calif. : Brooks/Cole, cop. 1989',535),('0442008635','Effective computer user documentation',1,NULL,'New York : McGraw-Hill, 1995',654),('0471147672','Practical objectoriented development in C and Java',7,NULL,'Berkly : McGraw-Hill, 1978',727),('0471180041','Intranet data warehouse : tools and techniques for building an intranetenabled data warehouse',33,NULL,'Berkly : McGraw-Hill, 1978',743),('0471191612','UML toolkit',3,NULL,'Berkly : McGraw-Hill, 1978',727),('0471518026','Object orientation : concepts languages databases user interfaces',3,NULL,'Pacific Grove, Calif. : Brooks/Cole, cop. 1989',535),('0471578533','Practical software reuse',1,NULL,'Berkly : McGraw-Hill, 1978',742),('0471958204','Information systems and information systems : making sense of the field',1,NULL,'Stockholm : Almqvist & Wiksell dataförl., 1992',788),('0471976555','Developing Java software',13,NULL,'Stockholm : Liber utbildning dataförl., 1993',713),('05309039','Computer science : an overview',1,NULL,'Pacific Grove, Calif. : Brooks/Cole, cop. 1989',523),('05321667','Crafting a compiler with C',22,NULL,'Pacific Grove, Calif. : Brooks/Cole, cop. 1989',541),('0672300974','Windows programmers guide to resources',3,NULL,'Stockholm : Sveriges mekanförbund, 1989',502),('0672301687','Advanced C',7,NULL,'Redmond, Washington : Microsoft Press, 1994',222),('0672305941','Programming WinSock',3,NULL,'Stockholm : Sveriges mekanförbund, 1989',515),('0672310228','Charlie Calverts Borland CBuilder',7,NULL,'Stockholm : Almqvist & Wiksell dataförl., 1992',788),('0672310481','Visual Basic 5 : developers guide',20,NULL,'Stockholm ; Helsingfors : Pagina, 1997',803),('0734','Försvarets utveckling av informationssystem : en effektivitetsgranskning',2,NULL,'Lund : Studentlitt., 1984',945),('0792399714','Index data structures in objectoriented databases',33,NULL,'Stockholm : Almqvist & Wiksell dataförl., 1992',792),('0805306005','Software engineering with Ada',4,NULL,'Berkly : McGraw-Hill, 1978',758),('080530911X','C for Pascal programmers',8,NULL,'Stockholm : DF förlag, 1991',478),('0805322795','Succeeding with the Booch and OMT methods : a practical approach',2,NULL,'Stockholm : Sveriges verkstadsindustrier, 1993',618),('0805366814','Computing with logic : logic programming with Prolog',16,NULL,'Pacific Grove, Calif. : Brooks/Cole, cop. 1989',536),('080537440X','Problem solving with C : the object of programming',8,NULL,'Stockholm : Sveriges mekanförbund, 1989',513),('0810465655','Objectoriented programming for the Macintosh',3,NULL,'Berkly : McGraw-Hill, 1978',756),('081763911X','Elements of hypermedia design : techniques for navigation and visualization in cyberspace',39,NULL,'Stockholm : Almqvist & Wiksell dataförl., 1992',782),('0830643273','C database applications with the Paradox engine',8,NULL,'Stockholm : DF förlag, 1991',478),('0849378362','art of systems architecting',2,NULL,'Stockholm : Liber, 1990',824),('086238091X','Databases and database systems : concepts and issues',33,NULL,'Pacific Grove, Calif. : Brooks/Cole, cop. 1989',536),('0890068658','Practical guide to software quality management',1,NULL,'Stockholm : Sveriges mekanförbund, 1989',511),('0890069190','Guide to software engineering standards and specifications',3,NULL,'Berkly : McGraw-Hill, 1978',752),('0937073172','Prolog and naturallanguage analysis',16,NULL,'Stockholm : Almqvist & Wiksell dataförl., 1992',771),('0954','Fortsätt med Pascal : Turbo 5 5',15,NULL,'Malmö : LiberLäromedel, 1980',858),('1410','Fortran : exempelsamling',12,NULL,'Malmö : LiberLäromedel, 1980',858),('1453','Fundamentals of database systems',33,NULL,'Stockholm : Liber, 1990',897),('1555581951','Reengineering legacy software systems',1,NULL,'Stockholm : Almqvist & Wiksell dataförl., 1992',783),('1556153953','Programming Windows 3 1 : the microsoft guide to writing applications for Windows 3 1',3,NULL,'Stockholm : Sveriges mekanförbund, 1989',515),('1556156502','Debugging the development process : practical strategies for stying focused hitting ship dates and building solid teams',3,NULL,'Indianapolis : SAMS, 1995',576),('1556159005','Rapid development : taming wild software schedules',3,NULL,'Berkly : McGraw-Hill, 1978',733),('1558284915','Linux database',26,NULL,'New York : McGraw-Hill, 1995',644),('1558285342','QuarkXPress 4 0 handbook',55,NULL,'Stockholm : Almqvist & Wiksell dataförl., 1992',794),('1558512160','data compression book : featuring fast efficient data compression techniques in C',3,NULL,'Pacific Grove, Calif. : Brooks/Cole, cop. 1989',558),('1558512969','Developing Paradox databases : an objectbased approach',38,NULL,'Indianapolis : SAMS, 1995',595),('1558514880','Web scripting with VBScript',18,NULL,'Stockholm : Sveriges mekanförbund, 1989',502),('1558515658','Advanced Visual C 5',21,NULL,'New York : McGraw-Hill, 1995',644),('1562055089','Actully useful Internet security techniques',41,NULL,'Lund : Studentlitteratur, 1989',213),('156205533X','Java',13,NULL,'Stockholm : Sveriges mekanförbund, 1989',515),('1565922700','Database programming with JDBC and Java',33,NULL,'Stockholm : Almqvist & Wiksell dataförl., 1992',783),('1568304102','Teach yourself Illustrator 7 in 24 hours',47,NULL,'Stockholm : Liber, 1990',827),('1571690115','Windows 95 multimedia and ODBC API bible',3,NULL,'Stockholm : Sveriges mekanförbund, 1989',502),('1571690840','JavaScript interactive course',14,NULL,'Stockholm : Liber, 1990',828),('157169109X','Borland CBuilder howto : the definitive CBuilder problem solver',7,NULL,'Stockholm : Almqvist & Wiksell dataförl., 1992',788),('1572313315','Inside Microsoft SQL server 6 5',33,NULL,'Stockholm : Almqvist & Wiksell dataförl., 1992',783),('1572313404','Microsoft Office 97 Visual Basic programmers guide',20,NULL,'Berkly : McGraw-Hill, 1978',750),('1572313587','Microsoft Access 97 developers handbook',34,NULL,'Berkly : McGraw-Hill, 1978',737),('1572314400','Microsoft Office 97 developers handbook',51,NULL,'Stockholm : Liber, 1990',827),('1572315105','Microsoft Visual C owners manual : version 5 0',21,NULL,'Berkly : McGraw-Hill, 1978',749),('1572315652','Inside Visual C',21,NULL,'Berkly : McGraw-Hill, 1978',732),('1575210398','Presenting Java : an introduction to Java and HotJava',13,NULL,'Stockholm : Sveriges mekanförbund, 1989',512),('1575213036','Teach yourself Visual Café 2 in 21 days',13,NULL,'Berkly : McGraw-Hill, 1978',750),('1705','Grunderna i Pascal Turbo 5 5',15,NULL,NULL,987),('1850321973','ABCD SGML : a users guide to structured information',22,NULL,'Pacific Grove, Calif. : Brooks/Cole, cop. 1989',536),('1850323011','Object technology : concepts and methods',3,NULL,'Stockholm : Almqvist & Wiksell dataförl., 1992',796),('1878739158','Waite Groups Windows API bible : the definitive programmers reference',3,NULL,'Stockholm : Sveriges mekanförbund, 1989',502),('1883577004','Windows programming power with custom controls',3,NULL,'Stockholm : Sveriges mekanförbund, 1989',502),('1884842100','Applying OMT : a practical stepbystep guide to using the object modeling technique',3,NULL,'Linköping : WT-konsult, Emmdata, 1980',276),('1884842712','best of Booch : designing strategies for object technology',3,NULL,'Berkly : McGraw-Hill, 1978',758),('1918','Grafiska användargränssnitt : en utvecklingshandbok',1,NULL,'Lund : Studentlitt., 1984',977),('21128995','bok om C',8,NULL,'Reading : Addison-Wesley, cop. 1994',421),('23630590','Börja med BASIC',6,NULL,'Stockholm : DF förlag, 1991',476),('24345768','Datorn i mätsystem',1,NULL,'Indianapolis : SAMS, 1995',570),('291019','Elektronisk post',40,NULL,'Berkeley, California : McGraw-Hill, 1993',698),('292813','Elektronisk post i ett säkerhetsperspektiv',40,NULL,'Berkeley, California : McGraw-Hill, 1993',698),('31097032','C for electronics and computer engineering technology',7,NULL,'Stockholm : DF förlag, 1991',478),('31103628','C programming language',7,NULL,'Stockholm : DF förlag, 1991',478),('315317','dos av DOS',25,NULL,'New York : McGraw-Hill, 1994',626),('31551515','Compiler design in C',22,NULL,'Stockholm : Sveriges mekanförbund, 1989',519),('32017571','design of the UNIX operating system',29,NULL,'Indianapolis : SAMS, 1995',587),('3243','Framework IV : en introduktion för ekonomer',45,NULL,'Sebastopol, Calif. : O´Reilly, cop. 1991',862),('32908670','Database directions : from relational to distributed multimedia and objectoriented database systems',33,NULL,'Pacific Grove, Calif. : Brooks/Cole, cop. 1989',560),('34038190','Data structures : with abstract data types and Pascal',3,NULL,'Pacific Grove, Calif. : Brooks/Cole, cop. 1989',559),('34092640','Data structures : with abstract data types and Pascal',15,NULL,'Pacific Grove, Calif. : Brooks/Cole, cop. 1989',559),('3540609547','Object technologies for advanced software : second JSSST International Symposium ISOTAS 96 Kanazawa Japan March 11 15 1996 : proceedings',1,NULL,'Stockholm : Almqvist & Wiksell dataförl., 1992',786),('3574','Firewalls and Internet security : repelling the wily hacker',41,NULL,'Stockholm : Liber, 1990',827),('37175714','Computer security basics',41,NULL,'Pacific Grove, Calif. : Brooks/Cole, cop. 1989',524),('380712','Dialog direct : en metod för att skapa grafiska användargränssnitt : användarhandledning',1,NULL,'Indianapolis : SAMS, 1995',598),('3944','Företagsintegriteten i datasamhället',41,NULL,'Stockholm : Liber, 1990',930),('40552004','Bättre ADBsystem : användarens uppgift',2,NULL,'Stockholm : DF förlag, 1991',474),('40802434','Boken om Pascal',15,NULL,'Reading : Addison-Wesley, cop. 1994',423),('410218','Dialogergonomi : effektiv interaktion människa dator',1,NULL,'Indianapolis : SAMS, 1995',598),('411583','Erfarenheter av objektorienterad systemutveckling',2,NULL,'Berkly : McGraw-Hill, 1978',738),('42285329','computer virus crisis',41,NULL,'Pacific Grove, Calif. : Brooks/Cole, cop. 1989',524),('425511','DUPEK : dialogsystem för utveckling av ekonomisk planering och kontroll : systembeskrivning och kommandospråk',3,NULL,'New York : McGraw-Hill, 1994',632),('44114818','Databehandling till lågpris',1,NULL,'Indianapolis : SAMS, 1995',561),('44151926','Datalogi : en inledande översikt',1,NULL,'Indianapolis : SAMS, 1995',563),('44151934','Datalogi : en inledande översikt',1,NULL,'Indianapolis : SAMS, 1995',563),('44168411','Datorn som verktyg : krav och ansvar vid systemutveckling och datoranvändning',2,NULL,'Indianapolis : SAMS, 1995',571),('44195443','Data om data',1,NULL,'Pacific Grove, Calif. : Brooks/Cole, cop. 1989',559),('44196822','Datorer : att leva med datorer 2 uppl',1,NULL,'Indianapolis : SAMS, 1995',568),('44264615','Computer organization and assembly language programming : a gentle introduction',3,NULL,'Pacific Grove, Calif. : Brooks/Cole, cop. 1989',523),('44303017','Datatyper och algoritmer',1,NULL,'Indianapolis : SAMS, 1995',565),('44309910','Datavirus',41,NULL,'Indianapolis : SAMS, 1995',565),('44359918','Databasorienterad systemutveckling : grundläggande begrepp datamodellering systemkonstruktion',2,NULL,'Indianapolis : SAMS, 1995',561),('44439210','Datoranvändning i företag : aspekter på företags anskaffning och utnyttjande av datorer och programvarulösningar',1,NULL,'Indianapolis : SAMS, 1995',566),('44444311','Datorekonomi',1,NULL,'Indianapolis : SAMS, 1995',568),('479257','Eiffel : the language',11,NULL,'Sundsvall : Computer Press, cop. 1989',675),('5097','Graphics programming with Visual Basic',19,NULL,'Lund : Studentlitt., 1984',979),('528185','Exploring mathematics with Mathematica : dialogs concerning computers and mathematics',50,NULL,'Stockholm : Almqvist & Wiksell dataförl., 1992',784),('5554654X','Cleanroom software engineering : a reader',3,NULL,'Stockholm : Sveriges mekanförbund, 1989',506),('56151659','dBASE IV : complete reference for programmers',22,NULL,'Indianapolis : SAMS, 1995',575),('563649','Effective C : 50 specific ways to improve your programs and designs',8,NULL,'New York : McGraw-Hill, 1995',654),('5808','Fundamentals of humancomputer interaction',1,NULL,'Stockholm : Liber, 1990',897),('602083','Excel 5 handboken',44,NULL,'Stockholm : Almqvist & Wiksell dataförl., 1992',776),('60213X','Excel 5 i praktiken',44,NULL,'Stockholm : Almqvist & Wiksell dataförl., 1992',776),('602148','Excel 5 till max : proffsboken för Microsoft Excel 5 0',44,NULL,'Stockholm : Almqvist & Wiksell dataförl., 1992',777),('60308X','Excel 5 programmering : VBA och makroprogrammering för Excel 5 = Microsoft Excel 5 programmering VBA och makroprogrammering för Excel 5',44,NULL,'Stockholm : Almqvist & Wiksell dataförl., 1992',776),('62382327','Database analysis and design',22,NULL,'Pacific Grove, Calif. : Brooks/Cole, cop. 1989',560),('6241','Funktionellt stöd för effektivare ITanvändare : en rapport från ITföretagen med råd och tips',1,NULL,'Stockholm : Liber, 1990',898),('63531806','Computer security : policy planning and practice',41,NULL,'Pacific Grove, Calif. : Brooks/Cole, cop. 1989',524),('649X','Fungerande systemförvaltning',2,NULL,'Stockholm : Liber, 1990',898),('651X','FileMaker Pro : tips och möjligheter',36,NULL,'Stockholm ; Helsingfors : Pagina, 1997',815),('662150','Distributed databases : principes and systems',33,NULL,'Stockholm : Sveriges verkstadsindustrier, 1993',612),('6947','Fortsätt med struktur : strukturerad programmering',3,NULL,'Malmö : LiberLäromedel, 1980',858),('70270635','Dataprogram för småföretag : hur du väljer rätt program till din dator',1,NULL,'Indianapolis : SAMS, 1995',564),('7155829X','Debugging : creative techniques and tools for software repair',3,NULL,'Indianapolis : SAMS, 1995',576),('71709916','Control of evolving software systems : a languageindependent database approach',22,NULL,'Pacific Grove, Calif. : Brooks/Cole, cop. 1989',534),('72202483','Brandväggar vid anslutning till Internet : skydd mot obehörigt intrång',41,NULL,'Stockholm : Sveriges verkstadsindustrier, 1992',442),('72304406','Database developers guide : with Visual Basic 3',33,NULL,'Pacific Grove, Calif. : Brooks/Cole, cop. 1989',560),('73825875','Datorn på mitt skrivbord',1,NULL,'Indianapolis : SAMS, 1995',571),('74980890','Bättre ADBprojekt : om hur man undviker de vanligaste fällorna vid utveckling av ADBsystem',2,NULL,'Stockholm : DF förlag, 1991',474),('7587','Grunderna i Pascal',15,NULL,NULL,987),('78739166','Borland C developers Bible',8,NULL,'Reading : Addison-Wesley, cop. 1994',430),('79420028','Boken om MSDOS och PCDOS',27,NULL,'Reading : Addison-Wesley, cop. 1994',423),('79420478','Boken om DOS 4 : svenska programversioner',25,NULL,'Reading : Addison-Wesley, cop. 1994',422),('79791574','Borland Pascal 7 0 programming for Windows',15,NULL,'Reading : Addison-Wesley, cop. 1994',431),('8015','Grunderna i C',7,NULL,NULL,987),('80400663','Computer based information systems : an introduction',1,NULL,'Pacific Grove, Calif. : Brooks/Cole, cop. 1989',523),('8620002X','CP M : handboken med MP M',24,NULL,'Pacific Grove, Calif. : Brooks/Cole, cop. 1989',541),('86200917','dBASE IV i praktiken',22,NULL,'Indianapolis : SAMS, 1995',575),('86656376','CASE : en plattform för 90talets systemutveckling',2,NULL,'Chichester : Wiley, 1998',485),('86656511','Dataolyckor : har det verkligen hänt någon gång',41,NULL,'Indianapolis : SAMS, 1995',563),('866X','Grunderna i PASCAL Turbo 6 0',15,NULL,NULL,987),('87026155','Datasäkerhet : praktisk handbok för beslutsfattare = Dataosäkerhet',41,NULL,'Indianapolis : SAMS, 1995',564),('87941940','C : object oriented data structures',8,NULL,'Stockholm : DF förlag, 1991',478),('881X','Fortran 90 : en introduktion',12,NULL,'Malmö : LiberLäromedel, 1980',858),('88310906','Delphi programmering för dummies',10,NULL,'Indianapolis : SAMS, 1995',581),('88436020','Datalogi',1,NULL,'Indianapolis : SAMS, 1995',563),('884475','Effective methodology for the study of HCI',1,NULL,'New York : McGraw-Hill, 1995',655),('9121127816','Bli effektiv med Windows 3 1',59,NULL,'Lund : Studentlitteratur, 1993',417),('912113684X','Systemering med objekt händelseanalys och relationsdatabaser',2,NULL,'Sundsvall : Computer Press, cop. 1989',669),('912158804X','Fortsätt med Pascal : Turbo 5 5',15,NULL,'Pacific Grove, Calif. : Brooks/Cole, cop. 1989',537),('9121588384','Allt om DOS',25,NULL,'Redmond, Washington : Microsoft Press, 1994',252),('9121588503','Programmera med dBASE IV',22,NULL,'Berkly : McGraw-Hill, 1978',736),('9123014024','Övningar till Word 6 0 : textbehandling affärsgrafik ritfunktioner bildhantering',61,NULL,'Stockholm ; Helsingfors : Pagina, 1997',814),('9138610191','Att specificera informationssystem : en användarorienterad och systematisk metodik',39,NULL,'Reading, Mass. : Addison-Wesley, 1997',330),('9138610248','Att skriva strukturerade COBOLprogram',9,NULL,'Reading, Mass. : Addison-Wesley, 1997',330),('9140624935','Fönster mot datavärlden : datakunskap 69 : Windows 3 X',59,NULL,'Stockholm : Liber utbildning dataförl., 1993',717),('9140800946','dBase IV : en introduktion',35,NULL,'Berkly : McGraw-Hill, 1978',739),('9140801551','Lär dig systemera med dBASE IV',35,NULL,'Stockholm : Almqvist & Wiksell dataförl., 1992',764),('9140801594','Programmera med dBASE IV',35,NULL,'Berkly : McGraw-Hill, 1978',736),('9144000626','Programutveckling med Delphi : grundläggande programmering i Object Pascal',10,NULL,'Stockholm : Sveriges mekanförbund, 1989',515),('914400219X','Programutveckling med JAVA',13,NULL,'Berkly : McGraw-Hill, 1978',722),('9144002920','SPSS 7 5 för Windows 95 : en introduktion',57,NULL,'Stockholm : Sveriges verkstadsindustrier, 1993',615),('9144004125','Kom igång med 3D Studio MAX',65,NULL,'Berkly : McGraw-Hill, 1978',739),('9144004567','Programutveckling med Delphi : grundläggande programmering i Object Pascal',10,NULL,'Berkly : McGraw-Hill, 1978',753),('9144005180','Problemlösning och algoritmer med Pascal',15,NULL,'Stockholm : Liber utbildning dataförl., 1993',707),('9144005997','Notes i ett nötskal',37,NULL,'Berkly : McGraw-Hill, 1978',722),('9144006268','Programkonstruktion med kvalitet : projekthantering och ISO 9000',3,NULL,'Stockholm : Almqvist & Wiksell dataförl., 1992',762),('9144006810','Design av informationsteknik : materialet utan egenskaper',1,NULL,'Stockholm ; Helsingfors : Pagina, 1997',815),('9144006934','Objektorienterad analys och design',2,NULL,'Stockholm ; Helsingfors : Pagina, 1997',804),('9144007361','Objektorienterad programmering och JAVA',13,NULL,'Stockholm ; Helsingfors : Pagina, 1997',804),('9144146019','Att delta i ADBprojekt',1,NULL,'Lund : Studentlitteratur, 1989',317),('9144160879','Praktisk ADB',1,NULL,'Stockholm : Sveriges mekanförbund, 1989',512),('9144183313','Att ställa krav på datasystemet : handledning och checklistor för analys av företagets behov av databehandling och upprättande av kravspecifikation för programvara',2,NULL,'Reading, Mass. : Addison-Wesley, 1997',332),('914421541X','dresserade datorn : konsten att utveckla datasystem på användarnas villkor',2,NULL,'Berkly : McGraw-Hill, 1978',751),('9144221819','Adaboken',4,NULL,'Berkeley, California : McGraw-Hill, 1993',698),('9144252315','Ada från början',4,NULL,'Berkly : McGraw-Hill, 1978',739),('9144267312','Vägen till C',7,NULL,'Berkeley, California : McGraw-Hill, 1993',698),('9144282613','ADB med användaren i fokus',1,NULL,'Lund : Studentlitteratur, 1989',216),('9144294913','IBM OS 2 : en introduktion',28,NULL,'Berkly : McGraw-Hill, 1978',753),('9144297912','Excel : en introduktion till kalkylprogrammet',44,NULL,'Stockholm : Almqvist & Wiksell dataförl., 1992',776),('9144300719','Offensiva adbsystem',2,NULL,'Pacific Grove, Calif. : Brooks/Cole, cop. 1989',540),('9144342217','JSP från början',3,NULL,'Stockholm : Liber utbildning dataförl., 1993',713),('9144342926','UNIX och X från början',29,NULL,'Stockholm : Liber, 1990',829),('9144365918','Att skriva med Word för Windows',61,NULL,'Reading, Mass. : Addison-Wesley, 1997',329),('9144375913','Objektorienterad programmering och algoritmer i Simula',3,NULL,'Pacific Grove, Calif. : Brooks/Cole, cop. 1989',540),('9144381913','Programutveckling för Windows och Windows NT',3,NULL,'Stockholm : Liber utbildning dataförl., 1993',720),('9144384416','Design och programutveckling i Windows',3,NULL,'Indianapolis : SAMS, 1995',587),('9144384912','Programkonstruktion och projekthantering',3,NULL,'Stockholm : Sveriges mekanförbund, 1989',515),('9144402724','ADB systemarbete',2,NULL,'Lund : Studentlitteratur, 1989',218),('9144461712','Objektorienterad utveckling med COOLmetoden : anpassningsbara och användbara administrativa informationssystem',2,NULL,'Pacific Grove, Calif. : Brooks/Cole, cop. 1989',540),('9144470010','SGML : en introduktion till Standard Generalized Markup Language',22,NULL,'Berkly : McGraw-Hill, 1978',753),('9144476310','Datalogi : begreppen och tekniken',1,NULL,'Indianapolis : SAMS, 1995',563),('9144479719','ADBköparen : en bok om konsten att köpa ADBtjänster datorsystem programvara nätverk och andra ITprodukter',1,NULL,'Lund : Studentlitteratur, 1989',216),('9144604114','Att samlära i systemdesign',2,NULL,'Pacific Grove, Calif. : Brooks/Cole, cop. 1989',540),('9144605110','Administrativa standardsystem : en del av ITstrategin',2,NULL,'Redmond, Washington : Microsoft Press, 1994',221),('9144613016','Essays on infology : summing up and planning for the future',1,NULL,'Pacific Grove, Calif. : Brooks/Cole, cop. 1989',540),('9147000937','bok om C med introduktion i Java',7,NULL,'New York : McGraw-Hill, 1995',645),('9147030097','Datakörkort : ECDL : Microsoft Office',51,NULL,'Indianapolis : SAMS, 1995',584),('9147035099','Grunderna i C',7,NULL,'Berkly : McGraw-Hill, 1978',744),('9147035129','Microsoft Excel 97 : avancerad',44,NULL,'Stockholm ; Helsingfors : Pagina, 1997',814),('9150611771','Dataparallel implementation of Prolog',16,NULL,'Stockholm : Almqvist & Wiksell dataförl., 1992',788),('915061181X','Compilation techniques for Prolog',16,NULL,'Stockholm : Almqvist & Wiksell dataförl., 1992',785),('9150612158','Exploiting finegrain parallelism in concurrent constraint languages',3,NULL,'Stockholm : Almqvist & Wiksell dataförl., 1992',793),('9150612174','On simultaneous rigid Eunification',1,NULL,'Stockholm : Liber, 1990',824),('9152403645','ADB i praktiken',1,NULL,'Lund : Studentlitteratur, 1989',216),('9152411621','Ada och C vid objektorientering',3,NULL,'Lund : Studentlitteratur, 1989',213),('9157410127','ADBboken : grunder i databehandling',1,NULL,'Lund : Studentlitteratur, 1989',215),('9157800383','Millenniebomben : år 2000 hotet mot vårt digitaliserade samhälle',41,NULL,'Berkly : McGraw-Hill, 1978',722),('916301310X','Word för Windows 2 0 : grundkurs',62,NULL,'Berkly : McGraw-Hill, 1978',722),('9163024837','Terminologi för informationssäkerhet',42,NULL,'Berkly : McGraw-Hill, 1978',753),('9163404575','Access för Windows',34,NULL,'Lund : Studentlitteratur, 1989',206),('9163405156','Windows 3 1 de första stegen',59,NULL,'Stockholm : Sveriges mekanförbund, 1989',502),('9163408201','Excel 5 för Windows : steg för steg',44,NULL,'Stockholm : Almqvist & Wiksell dataförl., 1992',776),('9163409399','ADB datasäkerhet',41,NULL,'Lund : Studentlitteratur, 1989',215),('9163409410','Access 2 : spectrum',34,NULL,'Lund : Studentlitteratur, 1989',206),('9163409445','Excel 5 avancerad',44,NULL,'Stockholm : Almqvist & Wiksell dataförl., 1992',776),('9163409453','Access 2 för Windows : steg för steg',34,NULL,'Lund : Studentlitteratur, 1989',206),('9163411911','PowerPoint 4 för Windows steg för steg',54,NULL,'Stockholm : Sveriges mekanförbund, 1989',511),('9163420066','Från Windows 3 till Windows 95',30,NULL,'Stockholm : Liber, 1990',893),('9163420252','Microsoft Word 7 för Windows steg för steg',61,NULL,'Stockholm : Sveriges mekanförbund, 1989',503),('9163420260','Microsoft Excel 7 för Windows steg för steg',44,NULL,'Pacific Grove, Calif. : Brooks/Cole, cop. 1989',542),('9163420880','Programmering Visual Basic',20,NULL,'Stockholm : Sveriges verkstadsindustrier, 1993',613),('916360230X','Access 2 programmering',34,NULL,'Lund : Studentlitteratur, 1989',206),('9163602318','Works 3 handboken',64,NULL,'Stockholm : Sveriges mekanförbund, 1989',503),('9163602377','WordPerfect 6 för Windows handboken',63,NULL,'Stockholm : Sveriges mekanförbund, 1989',503),('9163602636','CorelDRAW 4 handboken',43,NULL,'Pacific Grove, Calif. : Brooks/Cole, cop. 1989',536),('9163602776','Programmera Windows med C C : beskriver Win32 API',7,NULL,'Stockholm : Sveriges mekanförbund, 1989',515),('9163602962','Excel tillämpningar : 100 lönsamma ekonomiska modeller',44,NULL,'Stockholm : Almqvist & Wiksell dataförl., 1992',777),('9163603004','Windows 95 till max : proffsboken om Windows 95',30,NULL,'Stockholm : Sveriges mekanförbund, 1989',502),('9163603233','Att byta till Windows 95',30,NULL,'Lund : Studentlitteratur, 1989',316),('9163604345','Windows 95 till max : proffsboken om Microsoft Windows 95',30,NULL,'Stockholm : Sveriges mekanförbund, 1989',502),('9163604426','JavaScriptprogrammering',14,NULL,'New York : McGraw-Hill, 1995',645),('9163604434','Photoshop 4 handboken',53,NULL,'New York : McGraw-Hill, 1994',640),('9163604450','Internet och Microsoft Office 97 i praktiken',52,NULL,'Stockholm : Liber utbildning dataförl., 1993',701),('9163604469','Programmera med Visual BASIC 5',20,NULL,'Pacific Grove, Calif. : Brooks/Cole, cop. 1989',542),('916360454X','Lättpocket om Visual BASIC 5 : en bok för nybörjare',20,NULL,'Stockholm ; Helsingfors : Pagina, 1997',804),('9163604655','Assemblerprogrammering',3,NULL,'New York : McGraw-Hill, 1994',621),('9163604663','Grunderna i Microsoft Excel 97 : teori övningar lösningsförslag',44,NULL,'Indianapolis : SAMS, 1995',579),('916360468X','Grunderna i Microsoft Access 97 : teori övningar lösningsförslag',34,NULL,'Indianapolis : SAMS, 1995',590),('9163604698','Grunderna i Microsoft Office 97 : teori övningar lösningsförslag',51,NULL,'Indianapolis : SAMS, 1995',579),('9163604701','Grunderna i Microsoft PowerPoint 97',54,NULL,'Indianapolis : SAMS, 1995',579),('9163604736','Windows NT 4 till max',32,NULL,'Berkly : McGraw-Hill, 1978',737),('9163604744','Javaprogrammering',13,NULL,'Stockholm : Almqvist & Wiksell dataförl., 1992',767),('9163604760','Programmera Internet med Visual Basic 5',20,NULL,'Berkeley, California : McGraw-Hill, 1993',699),('9163604779','Lättpocket om JAVAprogrammering : en bok för kloka nybörjare',13,NULL,'Berkly : McGraw-Hill, 1978',722),('9163604795','Frontpage 98 handboken',46,NULL,'Berkly : McGraw-Hill, 1978',722),('9163604825','Lättpocket om Photoshop 4 : en bok för kloka nybörjare',53,NULL,'Berkly : McGraw-Hill, 1978',734),('9163604833','Lättpocket om Frontpage 98 : en bok för kloka nybörjare',46,NULL,'Stockholm : Almqvist & Wiksell dataförl., 1992',782),('9163604876','Lättpocket om JAVASCRIPT JSCRIPT : en bok för kloka nybörjare',14,NULL,'Stockholm : Almqvist & Wiksell dataförl., 1992',794),('9163604965','Lär dig Visual C5 på 3 veckor',21,NULL,'Berkly : McGraw-Hill, 1978',755),('9163604973','Lär dig SQL på 3 veckor',33,NULL,'Stockholm ; Helsingfors : Pagina, 1997',804),('9163605031','Fortsättning i Word 97 : teori övningar lösningsförslag',61,NULL,'Berkly : McGraw-Hill, 1978',722),('9164401472','Microsoft Windows NT workstation version 4',60,NULL,'Berkly : McGraw-Hill, 1978',742),('9164401626','Java Internet',13,NULL,'Berkly : McGraw-Hill, 1978',737),('9170270937','Programguiden : administrativa datorprogram med tips till användare : för små och medelstora företag',22,NULL,'Stockholm : Sveriges mekanförbund, 1989',515),('9170990360','ADBsäkerhet Del 2 Säkerhetsanalys : att utveckla en handlingsplan',41,NULL,'Lund : Studentlitteratur, 1989',218),('9170990379','ADBsäkerhet Del 4 Säkerhetsanalyser med scenarioteknik',41,NULL,'Lund : Studentlitteratur, 1989',218),('9170990387','ADBsäkerhet Del 5 Säkerhetsanalyser med scenarioteknik : terminal',41,NULL,'Lund : Studentlitteratur, 1989',219),('9170990395','ADBsäkerhet Del 6 Säkerhetsanalyser med scenarioteknik : PC',41,NULL,'Lund : Studentlitteratur, 1989',219),('9170990409','ADBsäkerhet Del 1 Policy riktlinjer',41,NULL,'Lund : Studentlitteratur, 1989',218),('9170990476','ADBsäkerhet Del 3 SBAscenario för kommunal verksamhet',41,NULL,'Lund : Studentlitteratur, 1989',218),('9170990484','ADBsäkerhet Del 7 Lär ut ADBsäkerhet : OHbilder',41,NULL,'Lund : Studentlitteratur, 1989',219),('9171531483','GCLA : the design use and implementation of a program development system',22,NULL,'Stockholm : Almqvist & Wiksell dataförl., 1992',785),('9171534563','Recognising human plans : issues for plan recognition in humancomputer interaction',2,NULL,'Stockholm : Almqvist & Wiksell dataförl., 1992',788),('9171537007','Analyzing groupware adoption : a framework and three case studies in Lotus notes deployment',40,NULL,'Stockholm : Almqvist & Wiksell dataförl., 1992',765),('9171624058','Med datorn in i 2000talet : förbered dig nu undvik datakaos : handbok för små och medelstora organisationer',41,NULL,'Berkly : McGraw-Hill, 1978',729),('9171972013','Practical experimentation as a tool for vulnerability analysis and security evaluation',41,NULL,'Stockholm : Sveriges mekanförbund, 1989',511),('9171972374','quantitative approach to computer security from a dependability perspective',41,NULL,'Stockholm : Sveriges mekanförbund, 1989',519),('9172200529','ADBsäkerhet vid åtta statliga myndigheter : en uppföljningsstudie',41,NULL,'Lund : Studentlitteratur, 1989',219),('9172201975','ADBsäkerhet inom rättsväsendet : en modell för bedömning av skyddsnivåer',41,NULL,'Lund : Studentlitteratur, 1989',219),('9172583266','Anskaffning av standardsystem för att utveckla verksamheter : utveckling och prövning av SIVmetoden',1,NULL,'Linköping : WT-konsult, Emmdata, 1980',268),('9177384350','hacker i systemet',41,NULL,'Stockholm : Almqvist & Wiksell dataförl., 1992',795),('917871513X','Arbetsintegrerad systemutveckling med kalkylprogram',2,NULL,'Wokingham : Addison-Wesley, 1988',285),('917871687X','Multidatabase integration using polymorphic queries and views',33,NULL,'New York : McGraw-Hill, 1994',635),('9178717302','Quality functions for requirements engineering methods',1,NULL,'New York : McGraw-Hill, 1994',635),('9178824133','Microsoft Excel 97',44,NULL,'Berkly : McGraw-Hill, 1978',755),('9178824176','Lotus Notes 4 5 för Windows',37,NULL,'Stockholm : Almqvist & Wiksell dataförl., 1992',772),('9178824230','Microsoft Access 97',34,NULL,'Stockholm : Almqvist & Wiksell dataförl., 1992',769),('9179420133','Att förstå UNIX',29,NULL,'Lund : Studentlitteratur, 1989',320),('9179420214','Allt om OS 2',28,NULL,'Redmond, Washington : Microsoft Press, 1994',252),('9186064002','ABC om programmering och dokumentation',6,NULL,'Lund : Studentlitteratur, 1989',205),('9186064045','Basic II boken',6,NULL,'Reading, Massachusetts : Addison-Wesley, 1994',374),('9186200240','Avancerad MSDOS',25,NULL,'Reading, Mass. : Addison-Wesley, 1997',343),('9186201379','QBASIC : programmering',17,NULL,'Stockholm : Sveriges mekanförbund, 1989',519),('9186201476','Excel 4 referensboken',44,NULL,'Stockholm : Almqvist & Wiksell dataförl., 1992',776),('9186201751','Access för Windows handboken = Microsoft Access handboken',34,NULL,'Lund : Studentlitteratur, 1989',207),('9186201905','Access för Windows i praktiken',34,NULL,'Lund : Studentlitteratur, 1989',207),('9186656430','ADBdrift inför 90talet : en verksamhet i förändring',1,NULL,'Lund : Studentlitteratur, 1989',215),('9186656597','ADBsäkerhet i användargenomförd systemutveckling : en utmaning',41,NULL,'Lund : Studentlitteratur, 1989',219),('9186656686','Client server och säkerhet',41,NULL,'Stockholm : Sveriges mekanförbund, 1989',506),('9187026384','Dataosäkerhet : praktisk handbok för beslutsfattare',41,NULL,'Stockholm : Liber, 1990',829),('9188310132','201 bästa programmen inom shareware = Maxidata presenterar de 201 bästa programmen inom shareware',22,NULL,'Redmond, Washington : Microsoft Press, 1994',199),('9188311236','Hemligheterna i Access 97',34,NULL,'Stockholm ; Helsingfors : Pagina, 1997',817),('9188311279','Hemligheterna i Excel för Windows 95',44,NULL,'Indianapolis : SAMS, 1995',590),('9188311333','Hemligheterna i Windows NT server 4 0',32,NULL,'Stockholm ; Helsingfors : Pagina, 1997',807),('9188311457','Hemligheterna i Java',13,NULL,'Berkly : McGraw-Hill, 1978',743),('9188311570','Windows NT 4 för dummies',32,NULL,'Stockholm : Liber utbildning dataförl., 1993',710),('9188311597','ActiveX för dummies',5,NULL,'Stockholm ; Helsingfors : Pagina, 1997',816),('918831166X','Visual basic 5 för Windows för dummies',20,NULL,'Stockholm ; Helsingfors : Pagina, 1997',814),('9188311821','Microsoft FrontPage 98',46,NULL,'Stockholm : Liber, 1990',830),('9188690210','Schedule',56,NULL,'Stockholm ; Helsingfors : Pagina, 1997',817),('9188734080','ADBsäkerhet : grundbok för säker ADBhantering',41,NULL,'Sundsvall : Computer Press, cop. 1989',677),('918886202X','Återanvändning i verkligheten : rapport från projekt Särimner',2,NULL,'Stockholm : Sveriges mekanförbund, 1989',505),('9188972348','Photoshop 4 0 för Windows : grundkurs',53,NULL,'Stockholm : Almqvist & Wiksell dataförl., 1992',784),('9197115908','Adateknologi : viktiga aspekter på användningen av Ada',4,NULL,'Pacific Grove, Calif. : Brooks/Cole, cop. 1989',547),('952120074X','interactive environment supporting the development of formally correct programs',3,NULL,'Stockholm : Liber, 1990',824),('9521201924','ScanAgent : ett intelligent datainsamlingsverktyg',1,NULL,'Stockholm ; Helsingfors : Pagina, 1997',820),('97029645','C programming language',7,NULL,'Stockholm : DF förlag, 1991',478),('9905775390','Proceedings of the Second international programming conference Uppsala university Uppsala Sweden July 26 1984',3,NULL,'Stockholm : Almqvist & Wiksell dataförl., 1992',787),('9916008507','Objektorienterad programmering och Simula',3,NULL,'Stockholm : Liber utbildning dataförl., 1993',705),('9920948454','Säkerhet i elektronisk post',40,NULL,'Pacific Grove, Calif. : Brooks/Cole, cop. 1989',532),('9921577115','Program för sökning i databaser : en marknadsöversikt',39,NULL,'Stockholm : Sveriges mekanförbund, 1989',515),('9922731614','Verktyg för programutveckling : en översikt',2,NULL,'Stockholm ; Helsingfors : Pagina, 1997',815),('9922731630','Verktyg för automatiserad testning av programvara med grafiska användargränssnitt : en översikt',3,NULL,'Berkly : McGraw-Hill, 1978',729),('9922819953','Säkerhet i landstingets nätverk : handbok',41,NULL,'Pacific Grove, Calif. : Brooks/Cole, cop. 1989',533),('9923248305','Rapport från konferensen DAUG Strategies Resources The Repository Data Warehouse Connection',33,NULL,'Stockholm : Sveriges mekanförbund, 1989',520),('9923950751','XLII : en öppen och flexibel utvecklingsmiljö',2,NULL,'Stockholm : Sveriges mekanförbund, 1989',503),('9924068696','Metod för utveckling av IOsamverkan : Toppledarforum elektronisk handel för kommuner landsting och stat ett tillämpningsprojekt',2,NULL,'Pacific Grove, Calif. : Brooks/Cole, cop. 1989',533),('9924253248','Objektorienterade mjukvarukomponenter i datorbaserade informationssystem',1,NULL,'Pacific Grove, Calif. : Brooks/Cole, cop. 1989',533),('9924316797','Gruppdatorteknik : användningsmodeller för verksamhetsutveckling',1,NULL,'Stockholm : Almqvist & Wiksell dataförl., 1992',763),('9924479831','Data Warehouse : en introduktion',33,NULL,'Berkly : McGraw-Hill, 1978',747),('9924479866','Metodram för förnyelse av informationssystem',2,NULL,'Stockholm : Almqvist & Wiksell dataförl., 1992',780),('9924479890','Synchronous collaboration over the Internet : incorporating synchronous collaboration tools into web based groupware systems',40,NULL,'Stockholm : Liber, 1990',824),('9924880048','Agent software : en ny konferens om agentbaserad systemutveckling',2,NULL,'Stockholm : Almqvist & Wiksell dataförl., 1992',798),('9925123852','Användare ett nödvändigt ont eller en självklar resurs : perspektiv på användarmedverkan i utvecklingen av en metod för användarcentrerad systemutveckling',2,NULL,'Berkly : McGraw-Hill, 1978',738),('9925133521','Complex concept management and manipulation',39,NULL,'Stockholm : Liber utbildning dataförl., 1993',716),('9925157951','Programvarusystem : prototypning ökad träffsäkerhet vid systemutveckling',2,NULL,'Berkly : McGraw-Hill, 1978',721);
/*!40000 ALTER TABLE `Books` ENABLE KEYS */;
UNLOCK TABLES;

--
-- Table structure for table `Classifications`
--

DROP TABLE IF EXISTS `Classifications`;
/*!40101 SET @saved_cs_client     = @@character_set_client */;
 SET character_set_client = utf8mb4 ;
CREATE TABLE `Classifications` (
  `SignId` int(11) NOT NULL,
  `Signum` varchar(50) CHARACTER SET utf8mb4 DEFAULT NULL,
  `Description` varchar(255) CHARACTER SET utf8mb4 DEFAULT NULL,
  PRIMARY KEY (`SignId`)
) ENGINE=InnoDB DEFAULT CHARSET=latin1;
/*!40101 SET character_set_client = @saved_cs_client */;

--
-- Dumping data for table `Classifications`
--

LOCK TABLES `Classifications` WRITE;
/*!40000 ALTER TABLE `Classifications` DISABLE KEYS */;
INSERT INTO `Classifications` VALUES (1,'Pub',NULL),(2,'Puba',NULL),(3,'Pubb',NULL),(4,'Pubbz Ada',NULL),(5,'Pubbz AktiveX',NULL),(6,'Pubbz BASIC',NULL),(7,'Pubbz C',NULL),(8,'Pubbz C++',NULL),(9,'Pubbz COBOL',NULL),(10,'Pubbz Delphi',NULL),(11,'Pubbz Eiffel',NULL),(12,'Pubbz FORTRAN',NULL),(13,'Pubbz Java',NULL),(14,'Pubbz JavaScript',NULL),(15,'Pubbz PASCAL',NULL),(16,'Pubbz PROLOG',NULL),(17,'Pubbz QBASIC',NULL),(18,'Pubbz VBScript',NULL),(19,'Pubbz Visual Basic',NULL),(20,'Pubbz VisualBASIC',NULL),(21,'Pubbz VisualC',NULL),(22,'Pubd',NULL),(23,'Pubdb',NULL),(24,'Pubdbz CP M',NULL),(25,'Pubdbz DOS',NULL),(26,'Pubdbz Linux',NULL),(27,'Pubdbz MS DOS',NULL),(28,'Pubdbz OS 12',NULL),(29,'Pubdbz UNIX',NULL),(30,'Pubdbz Windows 95',NULL),(31,'Pubdbz Windows295',NULL),(32,'Pubdbz WindowsNT',NULL),(33,'Pubdh',NULL),(34,'Pubdhz Access',NULL),(35,'Pubdhz dBASE',NULL),(36,'Pubdhz Filemaker',NULL),(37,'Pubdhz LotusNotes',NULL),(38,'Pubdhz Paradox',NULL),(39,'Pubdi',NULL),(40,'Pubdk',NULL),(41,'Pubds',NULL),(42,'Pubds REF',NULL),(43,'Pubdz CorelDRAW',NULL),(44,'Pubdz Excel',NULL),(45,'Pubdz Framework',NULL),(46,'Pubdz Frontpage',NULL),(47,'Pubdz Illustrator',NULL),(48,'Pubdz JavaScript',NULL),(49,'Pubdz LATEX',NULL),(50,'Pubdz Mathematica',NULL),(51,'Pubdz MicrosoftOffice',NULL),(52,'Pubdz Office',NULL),(53,'Pubdz Photoshop',NULL),(54,'Pubdz PowerPoint',NULL),(55,'Pubdz QuarkXPress',NULL),(56,'Pubdz Schedule',NULL),(57,'Pubdz SPSS',NULL),(58,'Pubdz TEX',NULL),(59,'Pubdz Windows',NULL),(60,'Pubdz WindowsNT',NULL),(61,'Pubdz Word',NULL),(62,'Pubdz WordforWindows',NULL),(63,'Pubdz WordPerfect',NULL),(64,'Pubdz Works',NULL),(65,'Pubdz13 D StudioMAX',NULL);
/*!40000 ALTER TABLE `Classifications` ENABLE KEYS */;
UNLOCK TABLES;
/*!40103 SET TIME_ZONE=@OLD_TIME_ZONE */;

/*!40101 SET SQL_MODE=@OLD_SQL_MODE */;
/*!40014 SET FOREIGN_KEY_CHECKS=@OLD_FOREIGN_KEY_CHECKS */;
/*!40014 SET UNIQUE_CHECKS=@OLD_UNIQUE_CHECKS */;
/*!40101 SET CHARACTER_SET_CLIENT=@OLD_CHARACTER_SET_CLIENT */;
/*!40101 SET CHARACTER_SET_RESULTS=@OLD_CHARACTER_SET_RESULTS */;
/*!40101 SET COLLATION_CONNECTION=@OLD_COLLATION_CONNECTION */;
/*!40111 SET SQL_NOTES=@OLD_SQL_NOTES */;

-- Dump completed on 2019-01-09 11:46:46
